-- MySQL dump 10.13  Distrib 5.7.17, for macos10.12 (x86_64)
--
-- Host: 127.0.0.1    Database: test
-- ------------------------------------------------------
-- Server version	5.5.5-10.1.23-MariaDB

/*!40101 SET @OLD_CHARACTER_SET_CLIENT=@@CHARACTER_SET_CLIENT */;
/*!40101 SET @OLD_CHARACTER_SET_RESULTS=@@CHARACTER_SET_RESULTS */;
/*!40101 SET @OLD_COLLATION_CONNECTION=@@COLLATION_CONNECTION */;
/*!40101 SET NAMES utf8 */;
/*!40103 SET @OLD_TIME_ZONE=@@TIME_ZONE */;
/*!40103 SET TIME_ZONE='+00:00' */;
/*!40014 SET @OLD_UNIQUE_CHECKS=@@UNIQUE_CHECKS, UNIQUE_CHECKS=0 */;
/*!40014 SET @OLD_FOREIGN_KEY_CHECKS=@@FOREIGN_KEY_CHECKS, FOREIGN_KEY_CHECKS=0 */;
/*!40101 SET @OLD_SQL_MODE=@@SQL_MODE, SQL_MODE='NO_AUTO_VALUE_ON_ZERO' */;
/*!40111 SET @OLD_SQL_NOTES=@@SQL_NOTES, SQL_NOTES=0 */;

--
-- Table structure for table `action_log`
--

DROP TABLE IF EXISTS `action_log`;
/*!40101 SET @saved_cs_client     = @@character_set_client */;
/*!40101 SET character_set_client = utf8 */;
CREATE TABLE `action_log` (
  `id` int(11) NOT NULL AUTO_INCREMENT,
  `client_ip` varchar(32) DEFAULT NULL COMMENT '客户端ip',
  `url` varchar(128) DEFAULT NULL COMMENT '访问url',
  `class_name` varchar(128) DEFAULT NULL COMMENT '请求类名',
  `method_name` varchar(64) DEFAULT NULL COMMENT '请求方法名',
  `params` text COMMENT '请求参数',
  `operator` varchar(64) DEFAULT NULL COMMENT '操作人',
  `description` varchar(64) DEFAULT NULL COMMENT '操作类型描述',
  `module_id` varchar(8) DEFAULT NULL COMMENT '业务模块id',
  `response_data` text,
  `version` int(11) NOT NULL DEFAULT '0',
  `create_time` datetime DEFAULT NULL,
  `update_time` datetime DEFAULT NULL,
  PRIMARY KEY (`id`),
  UNIQUE KEY `id_UNIQUE` (`id`)
) ENGINE=InnoDB AUTO_INCREMENT=2 DEFAULT CHARSET=utf8;
/*!40101 SET character_set_client = @saved_cs_client */;

--
-- Dumping data for table `action_log`
--

LOCK TABLES `action_log` WRITE;
/*!40000 ALTER TABLE `action_log` DISABLE KEYS */;
INSERT INTO `action_log` VALUES (1,'127.0.0.1','http://127.0.0.1:8081/product/createClass','com.rock.controller.JpaDsProductController','createClass','[{\"argument[0]\":\"{\\\"id\\\":null,\\\"version\\\":0,\\\"createTime\\\":1521550268520,\\\"updateTime\\\":1521550268520,\\\"className\\\":\\\"string\\\",\\\"image\\\":\\\"string\\\",\\\"pid\\\":1}\"}]',NULL,'创建新分类','分类','{\"code\":0,\"info\":\"OK\",\"data\":{\"id\":681,\"version\":0,\"createTime\":1521550286614,\"updateTime\":1521550286614,\"className\":\"string\",\"image\":\"string\",\"pid\":1}}',0,'2018-03-20 20:51:26','2018-03-20 20:51:26');
/*!40000 ALTER TABLE `action_log` ENABLE KEYS */;
UNLOCK TABLES;

--
-- Table structure for table `ds_classes`
--

DROP TABLE IF EXISTS `ds_classes`;
/*!40101 SET @saved_cs_client     = @@character_set_client */;
/*!40101 SET character_set_client = utf8 */;
CREATE TABLE `ds_classes` (
  `id` int(11) NOT NULL AUTO_INCREMENT COMMENT '自增ID',
  `class_name` varchar(64) DEFAULT NULL COMMENT '类名',
  `p_id` int(11) DEFAULT NULL COMMENT '下一级类别的数目',
  `create_time` datetime DEFAULT CURRENT_TIMESTAMP COMMENT '创建时间',
  `update_time` datetime DEFAULT CURRENT_TIMESTAMP COMMENT '更新时间',
  `image` varchar(200) DEFAULT NULL,
  `version` int(11) DEFAULT NULL,
  PRIMARY KEY (`id`),
  KEY `index_shb_classes_update_time` (`update_time`) USING BTREE
) ENGINE=InnoDB AUTO_INCREMENT=682 DEFAULT CHARSET=utf8;
/*!40101 SET character_set_client = @saved_cs_client */;

--
-- Dumping data for table `ds_classes`
--

LOCK TABLES `ds_classes` WRITE;
/*!40000 ALTER TABLE `ds_classes` DISABLE KEYS */;
INSERT INTO `ds_classes` VALUES (225,'服饰箱包',NULL,'2017-06-21 21:21:58','2017-10-20 10:22:28',NULL,NULL),(226,'母婴儿童',NULL,'2017-06-21 21:21:58','2017-06-21 21:21:58',NULL,NULL),(227,'运动',NULL,'2017-06-21 21:21:58','2017-06-21 21:21:58',NULL,NULL),(228,'文化用品',NULL,'2017-06-21 21:21:58','2017-06-21 21:21:58',NULL,NULL),(229,'美妆洗护',NULL,'2017-06-21 21:21:58','2017-06-21 21:21:58',NULL,NULL),(230,'家居生活',NULL,'2017-06-21 21:21:58','2017-06-21 21:21:58',NULL,NULL),(231,'珠宝首饰',NULL,'2017-06-21 21:21:58','2017-06-21 21:21:58',NULL,NULL),(232,'进口商品',NULL,'2017-06-21 21:21:58','2017-06-21 21:21:58',NULL,NULL),(233,'休闲食品',NULL,'2017-06-21 21:21:58','2017-06-21 21:21:58',NULL,NULL),(234,'餐饮调料',NULL,'2017-06-21 21:21:58','2017-06-21 21:21:58',NULL,NULL),(235,'综合服务',NULL,'2017-06-21 21:22:00','2017-06-21 21:22:00',NULL,NULL),(236,'男装',225,'2017-06-21 21:23:37','2017-06-21 21:23:37',NULL,NULL),(237,'女装',225,'2017-06-21 21:23:37','2017-06-21 21:23:37',NULL,NULL),(238,'童装',225,'2017-06-21 21:23:37','2017-06-21 21:23:37',NULL,NULL),(239,'内衣/家居服',225,'2017-06-21 21:23:37','2017-06-21 21:23:37',NULL,NULL),(240,'配饰配件',225,'2017-06-21 21:23:37','2017-06-21 21:23:37',NULL,NULL),(241,'鞋',225,'2017-06-21 21:23:37','2017-06-21 21:23:37',NULL,NULL),(242,'箱包',225,'2017-06-21 21:23:37','2017-06-21 21:23:37',NULL,NULL),(243,'奶粉辅食',226,'2017-06-21 21:23:37','2017-06-21 21:23:37',NULL,NULL),(244,'尿布湿巾',226,'2017-06-21 21:23:37','2017-06-21 21:23:37',NULL,NULL),(245,'洗护清洁',226,'2017-06-21 21:23:37','2017-06-21 21:23:37',NULL,NULL),(246,'宝宝喂养',226,'2017-06-21 21:23:37','2017-06-21 21:23:37',NULL,NULL),(247,'玩具',226,'2017-06-21 21:23:37','2017-06-21 21:23:37',NULL,NULL),(248,'孕妈专区',226,'2017-06-21 21:23:37','2017-06-21 21:23:37',NULL,NULL),(249,'车床座椅',226,'2017-06-21 21:23:37','2017-06-21 21:23:37',NULL,NULL),(250,'服饰',227,'2017-06-21 21:23:37','2017-06-21 21:23:37',NULL,NULL),(251,'健身器材',227,'2017-06-21 21:23:37','2017-06-21 21:23:37',NULL,NULL),(252,'潜水/游泳',227,'2017-06-21 21:23:37','2017-06-21 21:23:37',NULL,NULL),(253,'骑行',227,'2017-06-21 21:23:37','2017-06-21 21:23:37',NULL,NULL),(254,'户外',227,'2017-06-21 21:23:37','2017-06-21 21:23:37',NULL,NULL),(255,'文具类',228,'2017-06-21 21:23:37','2017-06-21 21:23:37',NULL,NULL),(256,'文化类',228,'2017-06-21 21:23:37','2017-06-21 21:23:37',NULL,NULL),(257,'个人清洁护理',229,'2017-06-21 21:23:37','2017-06-21 21:23:37',NULL,NULL),(258,'家庭清洁护理',229,'2017-06-21 21:23:37','2017-06-21 21:23:37',NULL,NULL),(259,'美妆护肤',229,'2017-06-21 21:23:37','2017-06-21 21:23:37',NULL,NULL),(260,'纺织品 ',230,'2017-06-21 21:23:37','2017-06-21 21:23:37',NULL,NULL),(261,'餐具厨具',230,'2017-06-21 21:23:37','2017-06-21 21:23:37',NULL,NULL),(262,'家具装饰',230,'2017-06-21 21:23:37','2017-06-21 21:23:37',NULL,NULL),(263,'整理收纳',230,'2017-06-21 21:23:37','2017-06-21 21:23:37',NULL,NULL),(264,'宠物园艺',230,'2017-06-21 21:23:37','2017-06-21 21:23:37',NULL,NULL),(265,'珠宝',231,'2017-06-21 21:23:37','2017-06-21 21:23:37',NULL,NULL),(266,'首饰',231,'2017-06-21 21:23:37','2017-06-21 21:23:37',NULL,NULL),(267,'手饰',231,'2017-06-21 21:23:37','2017-06-21 21:23:37',NULL,NULL),(268,'眼镜',231,'2017-06-21 21:23:37','2017-06-21 21:23:37',NULL,NULL),(269,'进口食品',232,'2017-06-21 21:23:37','2017-06-21 21:23:37',NULL,NULL),(270,'进口生鲜',232,'2017-06-21 21:23:37','2017-06-21 21:23:37',NULL,NULL),(271,'进口日化',232,'2017-06-21 21:23:37','2017-06-21 21:23:37',NULL,NULL),(272,'进口母婴',232,'2017-06-21 21:23:37','2017-06-21 21:23:37',NULL,NULL),(273,'休闲零食',233,'2017-06-21 21:23:37','2017-06-21 21:23:37',NULL,NULL),(274,'冲调保健',233,'2017-06-21 21:23:37','2017-06-21 21:23:37',NULL,NULL),(275,'方便速食',233,'2017-06-21 21:23:37','2017-06-21 21:23:37',NULL,NULL),(276,'粮油米面',234,'2017-06-21 21:23:37','2017-06-21 21:23:37',NULL,NULL),(277,'干货',234,'2017-06-21 21:23:37','2017-06-21 21:23:37',NULL,NULL),(278,'调料',234,'2017-06-21 21:23:37','2017-06-21 21:23:37',NULL,NULL),(279,'检测/设计',235,'2017-06-21 21:23:37','2017-06-21 21:23:37',NULL,NULL),(280,'培训咨询',235,'2017-06-21 21:23:37','2017-06-21 21:23:37',NULL,NULL),(281,'生活服务',235,'2017-06-21 21:23:37','2017-06-21 21:23:37',NULL,NULL),(282,'T恤',236,'2017-06-21 21:27:42','2017-06-21 21:27:42',NULL,NULL),(283,'衬衣',236,'2017-06-21 21:27:42','2017-06-21 21:27:42',NULL,NULL),(284,'裤装',236,'2017-06-21 21:27:42','2017-06-21 21:27:42',NULL,NULL),(285,'牛仔装',236,'2017-06-21 21:27:42','2017-06-21 21:27:42',NULL,NULL),(286,'外套',236,'2017-06-21 21:27:43','2017-06-21 21:27:43',NULL,NULL),(287,'毛衣',236,'2017-06-21 21:27:43','2017-06-21 21:27:43',NULL,NULL),(288,'内衣',236,'2017-06-21 21:27:43','2017-06-21 21:27:43',NULL,NULL),(289,'T恤',237,'2017-06-21 21:27:43','2017-06-21 21:27:43',NULL,NULL),(290,'衬衣',237,'2017-06-21 21:27:43','2017-06-21 21:27:43',NULL,NULL),(291,'裤装',237,'2017-06-21 21:27:43','2017-06-21 21:27:43',NULL,NULL),(292,'牛仔装',237,'2017-06-21 21:27:43','2017-06-21 21:27:43',NULL,NULL),(293,'外套',237,'2017-06-21 21:27:43','2017-06-21 21:27:43',NULL,NULL),(294,'毛衣',237,'2017-06-21 21:27:43','2017-06-21 21:27:43',NULL,NULL),(295,'内衣',237,'2017-06-21 21:27:43','2017-06-21 21:27:43',NULL,NULL),(296,'裙装',237,'2017-06-21 21:27:43','2017-06-21 21:27:43',NULL,NULL),(297,'女童T恤',238,'2017-06-21 21:27:43','2017-06-21 21:27:43',NULL,NULL),(298,'女童衬衣',238,'2017-06-21 21:27:43','2017-06-21 21:27:43',NULL,NULL),(299,'女童裤装',238,'2017-06-21 21:27:43','2017-06-21 21:27:43',NULL,NULL),(300,'女童牛仔装',238,'2017-06-21 21:27:43','2017-06-21 21:27:43',NULL,NULL),(301,'女童外套',238,'2017-06-21 21:27:43','2017-06-21 21:27:43',NULL,NULL),(302,'女童毛衣',238,'2017-06-21 21:27:43','2017-06-21 21:27:43',NULL,NULL),(303,'女童内衣',238,'2017-06-21 21:27:43','2017-06-21 21:27:43',NULL,NULL),(304,'女童裙装',238,'2017-06-21 21:27:43','2017-06-21 21:27:43',NULL,NULL),(305,'男童T恤',238,'2017-06-21 21:27:43','2017-06-21 21:27:43',NULL,NULL),(306,'男童衬衣',238,'2017-06-21 21:27:43','2017-06-21 21:27:43',NULL,NULL),(307,'男童裤装',238,'2017-06-21 21:27:43','2017-06-21 21:27:43',NULL,NULL),(308,'男童牛仔装',238,'2017-06-21 21:27:43','2017-06-21 21:27:43',NULL,NULL),(309,'男童外套',238,'2017-06-21 21:27:43','2017-06-21 21:27:43',NULL,NULL),(310,'男童毛衣',238,'2017-06-21 21:27:43','2017-06-21 21:27:43',NULL,NULL),(311,'男童内衣',238,'2017-06-21 21:27:43','2017-06-21 21:27:43',NULL,NULL),(312,'文胸',239,'2017-06-21 21:27:43','2017-06-21 21:27:43',NULL,NULL),(313,'男装内裤',239,'2017-06-21 21:27:43','2017-06-21 21:27:43',NULL,NULL),(314,'女装内裤',239,'2017-06-21 21:27:43','2017-06-21 21:27:43',NULL,NULL),(315,'塑身',239,'2017-06-21 21:27:43','2017-06-21 21:27:43',NULL,NULL),(316,'袜子',239,'2017-06-21 21:27:43','2017-06-21 21:27:43',NULL,NULL),(317,'连裤袜',239,'2017-06-21 21:27:43','2017-06-21 21:27:43',NULL,NULL),(318,'男家居服',239,'2017-06-21 21:27:43','2017-06-21 21:27:43',NULL,NULL),(319,'女家居服',239,'2017-06-21 21:27:43','2017-06-21 21:27:43',NULL,NULL),(320,'儿童家居服',239,'2017-06-21 21:27:43','2017-06-21 21:27:43',NULL,NULL),(321,'保暖内衣',239,'2017-06-21 21:27:43','2017-06-21 21:27:43',NULL,NULL),(322,'围巾',240,'2017-06-21 21:27:43','2017-06-21 21:27:43',NULL,NULL),(323,'领带',240,'2017-06-21 21:27:43','2017-06-21 21:27:43',NULL,NULL),(324,'帽子',240,'2017-06-21 21:27:43','2017-06-21 21:27:43',NULL,NULL),(325,'腰带',240,'2017-06-21 21:27:43','2017-06-21 21:27:43',NULL,NULL),(326,'手套',240,'2017-06-21 21:27:43','2017-06-21 21:27:43',NULL,NULL),(327,'雨伞',240,'2017-06-21 21:27:43','2017-06-21 21:27:43',NULL,NULL),(328,'男士运动鞋',241,'2017-06-21 21:27:43','2017-06-21 21:27:43',NULL,NULL),(329,'男士雨鞋',241,'2017-06-21 21:27:43','2017-06-21 21:27:43',NULL,NULL),(330,'男士休闲鞋',241,'2017-06-21 21:27:43','2017-06-21 21:27:43',NULL,NULL),(331,'男士正装鞋',241,'2017-06-21 21:27:43','2017-06-21 21:27:43',NULL,NULL),(332,'男士凉鞋',241,'2017-06-21 21:27:43','2017-06-21 21:27:43',NULL,NULL),(333,'男士靴',241,'2017-06-21 21:27:43','2017-06-21 21:27:43',NULL,NULL),(334,'男士家居拖鞋',241,'2017-06-21 21:27:43','2017-06-21 21:27:43',NULL,NULL),(335,'男士冬季棉鞋',241,'2017-06-21 21:27:43','2017-06-21 21:27:43',NULL,NULL),(336,'女士运动鞋',241,'2017-06-21 21:27:43','2017-06-21 21:27:43',NULL,NULL),(337,'女士雨鞋',241,'2017-06-21 21:27:43','2017-06-21 21:27:43',NULL,NULL),(338,'女士休闲鞋',241,'2017-06-21 21:27:43','2017-06-21 21:27:43',NULL,NULL),(339,'女士正装鞋',241,'2017-06-21 21:27:43','2017-06-21 21:27:43',NULL,NULL),(340,'女士凉鞋',241,'2017-06-21 21:27:43','2017-06-21 21:27:43',NULL,NULL),(341,'女士靴',241,'2017-06-21 21:27:43','2017-06-21 21:27:43',NULL,NULL),(342,'女士家居拖鞋',241,'2017-06-21 21:27:43','2017-06-21 21:27:43',NULL,NULL),(343,'女士冬季棉鞋',241,'2017-06-21 21:27:43','2017-06-21 21:27:43',NULL,NULL),(344,'儿童运动鞋',241,'2017-06-21 21:27:43','2017-06-21 21:27:43',NULL,NULL),(345,'儿童雨鞋',241,'2017-06-21 21:27:43','2017-06-21 21:27:43',NULL,NULL),(346,'儿童休闲鞋',241,'2017-06-21 21:27:43','2017-06-21 21:27:43',NULL,NULL),(347,'儿童正装鞋',241,'2017-06-21 21:27:43','2017-06-21 21:27:43',NULL,NULL),(348,'儿童凉鞋',241,'2017-06-21 21:27:43','2017-06-21 21:27:43',NULL,NULL),(349,'儿童靴',241,'2017-06-21 21:27:43','2017-06-21 21:27:43',NULL,NULL),(350,'儿童家居拖鞋',241,'2017-06-21 21:27:43','2017-06-21 21:27:43',NULL,NULL),(351,'儿童冬季棉鞋',241,'2017-06-21 21:27:43','2017-06-21 21:27:43',NULL,NULL),(352,'拉杆箱',242,'2017-06-21 21:27:43','2017-06-21 21:27:43',NULL,NULL),(353,'单肩包',242,'2017-06-21 21:27:43','2017-06-21 21:27:43',NULL,NULL),(354,'双肩包',242,'2017-06-21 21:27:43','2017-06-21 21:27:43',NULL,NULL),(355,'手提包',242,'2017-06-21 21:27:43','2017-06-21 21:27:43',NULL,NULL),(356,'商务包',242,'2017-06-21 21:27:43','2017-06-21 21:27:43',NULL,NULL),(357,'斜挎包',242,'2017-06-21 21:27:43','2017-06-21 21:27:43',NULL,NULL),(358,'钱包、卡包',242,'2017-06-21 21:27:43','2017-06-21 21:27:43',NULL,NULL),(359,'其他',242,'2017-06-21 21:27:43','2017-06-21 21:27:43',NULL,NULL),(360,'奶粉',243,'2017-06-21 21:27:43','2017-06-21 21:27:43',NULL,NULL),(361,'辅食',243,'2017-06-21 21:27:43','2017-06-21 21:27:43',NULL,NULL),(362,'营养保健',243,'2017-06-21 21:27:43','2017-06-21 21:27:43',NULL,NULL),(363,'纸尿裤',244,'2017-06-21 21:27:43','2017-06-21 21:27:43',NULL,NULL),(364,'纸尿片',244,'2017-06-21 21:27:43','2017-06-21 21:27:43',NULL,NULL),(365,'拉拉裤',244,'2017-06-21 21:27:43','2017-06-21 21:27:43',NULL,NULL),(366,'湿巾',244,'2017-06-21 21:27:43','2017-06-21 21:27:43',NULL,NULL),(367,'宝宝护肤',245,'2017-06-21 21:27:43','2017-06-21 21:27:43',NULL,NULL),(368,'洗发沐浴',245,'2017-06-21 21:27:43','2017-06-21 21:27:43',NULL,NULL),(369,'衣物清洁',245,'2017-06-21 21:27:43','2017-06-21 21:27:43',NULL,NULL),(370,'卫生护理',245,'2017-06-21 21:27:43','2017-06-21 21:27:43',NULL,NULL),(371,'奶瓶',246,'2017-06-21 21:27:43','2017-06-21 21:27:43',NULL,NULL),(372,'奶嘴',246,'2017-06-21 21:27:43','2017-06-21 21:27:43',NULL,NULL),(373,'餐具',246,'2017-06-21 21:27:43','2017-06-21 21:27:43',NULL,NULL),(374,'水壶水杯',246,'2017-06-21 21:27:43','2017-06-21 21:27:43',NULL,NULL),(375,'辅食机器',246,'2017-06-21 21:27:43','2017-06-21 21:27:43',NULL,NULL),(376,'围兜',246,'2017-06-21 21:27:43','2017-06-21 21:27:43',NULL,NULL),(377,'安抚器具',246,'2017-06-21 21:27:43','2017-06-21 21:27:43',NULL,NULL),(378,'挤奶器',246,'2017-06-21 21:27:43','2017-06-21 21:27:43',NULL,NULL),(379,'益智玩具',247,'2017-06-21 21:27:43','2017-06-21 21:27:43',NULL,NULL),(380,'积木拼图',247,'2017-06-21 21:27:43','2017-06-21 21:27:43',NULL,NULL),(381,'毛绒公仔',247,'2017-06-21 21:27:43','2017-06-21 21:27:43',NULL,NULL),(382,'摇控电动玩具',247,'2017-06-21 21:27:43','2017-06-21 21:27:43',NULL,NULL),(383,'手工/绘本',247,'2017-06-21 21:27:43','2017-06-21 21:27:43',NULL,NULL),(384,'音乐玩具',247,'2017-06-21 21:27:44','2017-06-21 21:27:44',NULL,NULL),(385,'孕妇装',248,'2017-06-21 21:27:44','2017-06-21 21:27:44',NULL,NULL),(386,'哺乳装',248,'2017-06-21 21:27:44','2017-06-21 21:27:44',NULL,NULL),(387,'孕产用品',248,'2017-06-21 21:27:44','2017-06-21 21:27:44',NULL,NULL),(388,'安全座椅',249,'2017-06-21 21:27:44','2017-06-21 21:27:44',NULL,NULL),(389,'婴儿推车',249,'2017-06-21 21:27:44','2017-06-21 21:27:44',NULL,NULL),(390,'婴儿床',249,'2017-06-21 21:27:44','2017-06-21 21:27:44',NULL,NULL),(391,'学步车',249,'2017-06-21 21:27:44','2017-06-21 21:27:44',NULL,NULL),(392,'餐椅',249,'2017-06-21 21:27:44','2017-06-21 21:27:44',NULL,NULL),(393,'运动服',250,'2017-06-21 21:27:44','2017-06-21 21:27:44',NULL,NULL),(394,'运动鞋',250,'2017-06-21 21:27:44','2017-06-21 21:27:44',NULL,NULL),(395,'服饰配件',250,'2017-06-21 21:27:44','2017-06-21 21:27:44',NULL,NULL),(396,'球类',251,'2017-06-21 21:27:44','2017-06-21 21:27:44',NULL,NULL),(397,'拍类',251,'2017-06-21 21:27:44','2017-06-21 21:27:44',NULL,NULL),(398,'跳绳',251,'2017-06-21 21:27:44','2017-06-21 21:27:44',NULL,NULL),(399,'哑铃',251,'2017-06-21 21:27:44','2017-06-21 21:27:44',NULL,NULL),(400,'瑜伽垫',251,'2017-06-21 21:27:44','2017-06-21 21:27:44',NULL,NULL),(401,'瑜伽球',251,'2017-06-21 21:27:44','2017-06-21 21:27:44',NULL,NULL),(402,'瑜伽配件',251,'2017-06-21 21:27:44','2017-06-21 21:27:44',NULL,NULL),(403,'跑步机',251,'2017-06-21 21:27:44','2017-06-21 21:27:44',NULL,NULL),(404,'健身单车',251,'2017-06-21 21:27:44','2017-06-21 21:27:44',NULL,NULL),(405,'成人轮滑鞋',251,'2017-06-21 21:27:44','2017-06-21 21:27:44',NULL,NULL),(406,'儿童轮滑鞋',251,'2017-06-21 21:27:44','2017-06-21 21:27:44',NULL,NULL),(407,'成人滑板',251,'2017-06-21 21:27:44','2017-06-21 21:27:44',NULL,NULL),(408,'儿童滑板',251,'2017-06-21 21:27:44','2017-06-21 21:27:44',NULL,NULL),(409,'滑雪板',251,'2017-06-21 21:27:44','2017-06-21 21:27:44',NULL,NULL),(410,'滑雪头盔 ',251,'2017-06-21 21:27:44','2017-06-21 21:27:44',NULL,NULL),(411,'滑雪眼镜',251,'2017-06-21 21:27:44','2017-06-21 21:27:44',NULL,NULL),(412,'滑雪手套',251,'2017-06-21 21:27:44','2017-06-21 21:27:44',NULL,NULL),(413,'滑雪配件',251,'2017-06-21 21:27:44','2017-06-21 21:27:44',NULL,NULL),(414,'运动配件',251,'2017-06-21 21:27:44','2017-06-21 21:27:44',NULL,NULL),(415,'泳衣',252,'2017-06-21 21:27:44','2017-06-21 21:27:44',NULL,NULL),(416,'泳帽',252,'2017-06-21 21:27:44','2017-06-21 21:27:44',NULL,NULL),(417,'泳镜',252,'2017-06-21 21:27:44','2017-06-21 21:27:44',NULL,NULL),(418,'游泳配件',252,'2017-06-21 21:27:44','2017-06-21 21:27:44',NULL,NULL),(419,'潜水服',252,'2017-06-21 21:27:44','2017-06-21 21:27:44',NULL,NULL),(420,'蛙鞋',252,'2017-06-21 21:27:44','2017-06-21 21:27:44',NULL,NULL),(421,'潜水配件',252,'2017-06-21 21:27:44','2017-06-21 21:27:44',NULL,NULL),(422,'自行车',253,'2017-06-21 21:27:44','2017-06-21 21:27:44',NULL,NULL),(423,'头盔',253,'2017-06-21 21:27:44','2017-06-21 21:27:44',NULL,NULL),(424,'骑行服',253,'2017-06-21 21:27:44','2017-06-21 21:27:44',NULL,NULL),(425,'电动平衡车',253,'2017-06-21 21:27:44','2017-06-21 21:27:44',NULL,NULL),(426,'电动滑板车',253,'2017-06-21 21:27:44','2017-06-21 21:27:44',NULL,NULL),(427,'骑行配件',253,'2017-06-21 21:27:44','2017-06-21 21:27:44',NULL,NULL),(428,'户外鞋包',254,'2017-06-21 21:27:44','2017-06-21 21:27:44',NULL,NULL),(429,'户外服饰',254,'2017-06-21 21:27:44','2017-06-21 21:27:44',NULL,NULL),(430,'户外装备',254,'2017-06-21 21:27:44','2017-06-21 21:27:44',NULL,NULL),(431,'户外配件',254,'2017-06-21 21:27:44','2017-06-21 21:27:44',NULL,NULL),(432,'垂钓用品',254,'2017-06-21 21:27:44','2017-06-21 21:27:44',NULL,NULL),(433,'帐篷',254,'2017-06-21 21:27:44','2017-06-21 21:27:44',NULL,NULL),(434,'野餐用品',254,'2017-06-21 21:27:44','2017-06-21 21:27:44',NULL,NULL),(435,'登山攀岩',254,'2017-06-21 21:27:44','2017-06-21 21:27:44',NULL,NULL),(436,'烧烤用具',254,'2017-06-21 21:27:44','2017-06-21 21:27:44',NULL,NULL),(437,'办公文具',255,'2017-06-21 21:27:44','2017-06-21 21:27:44',NULL,NULL),(438,'教育文具',255,'2017-06-21 21:27:44','2017-06-21 21:27:44',NULL,NULL),(439,'记事备忘',255,'2017-06-21 21:27:44','2017-06-21 21:27:44',NULL,NULL),(440,'书写工具',255,'2017-06-21 21:27:44','2017-06-21 21:27:44',NULL,NULL),(441,'书画用品',255,'2017-06-21 21:27:44','2017-06-21 21:27:44',NULL,NULL),(442,'财务用品',255,'2017-06-21 21:27:44','2017-06-21 21:27:44',NULL,NULL),(443,'墨盒/墨粉',255,'2017-06-21 21:27:44','2017-06-21 21:27:44',NULL,NULL),(444,'硒鼓',255,'2017-06-21 21:27:44','2017-06-21 21:27:44',NULL,NULL),(445,'纸类',255,'2017-06-21 21:27:44','2017-06-21 21:27:44',NULL,NULL),(446,'色带/碳带',255,'2017-06-21 21:27:44','2017-06-21 21:27:44',NULL,NULL),(447,'光盘刻录',255,'2017-06-21 21:27:44','2017-06-21 21:27:44',NULL,NULL),(448,'图书',256,'2017-06-21 21:27:44','2017-06-21 21:27:44',NULL,NULL),(449,'音像',256,'2017-06-21 21:27:44','2017-06-21 21:27:44',NULL,NULL),(450,'电子书',256,'2017-06-21 21:27:44','2017-06-21 21:27:44',NULL,NULL),(451,'面部护理',257,'2017-06-21 21:27:44','2017-06-21 21:27:44',NULL,NULL),(452,'身体护理',257,'2017-06-21 21:27:44','2017-06-21 21:27:44',NULL,NULL),(453,'口腔护理',257,'2017-06-21 21:27:44','2017-06-21 21:27:44',NULL,NULL),(454,'洗发护发',257,'2017-06-21 21:27:44','2017-06-21 21:27:44',NULL,NULL),(455,'女性护理',257,'2017-06-21 21:27:44','2017-06-21 21:27:44',NULL,NULL),(456,'男士护理',257,'2017-06-21 21:27:44','2017-06-21 21:27:44',NULL,NULL),(457,'衣物护理',258,'2017-06-21 21:27:44','2017-06-21 21:27:44',NULL,NULL),(458,'客厅/厨卫清洁',258,'2017-06-21 21:27:44','2017-06-21 21:27:44',NULL,NULL),(459,'家私/皮具护理',258,'2017-06-21 21:27:44','2017-06-21 21:27:44',NULL,NULL),(460,'空气净化用品',258,'2017-06-21 21:27:44','2017-07-11 18:44:41',NULL,NULL),(461,'鞋用品',258,'2017-06-21 21:27:44','2017-06-21 21:27:44',NULL,NULL),(462,'家庭清洁工具',258,'2017-06-21 21:27:44','2017-06-21 21:27:44',NULL,NULL),(463,'一次性用品',258,'2017-06-21 21:27:44','2017-06-21 21:27:44',NULL,NULL),(464,'香水彩妆',259,'2017-06-21 21:27:44','2017-06-21 21:27:44',NULL,NULL),(465,'美容工具',259,'2017-06-21 21:27:44','2017-06-21 21:27:44',NULL,NULL),(466,'护肤品',259,'2017-06-21 21:27:44','2017-06-21 21:27:44',NULL,NULL),(467,'餐具水具',261,'2017-06-21 21:27:44','2017-06-21 21:27:44',NULL,NULL),(468,'厨具锅具',261,'2017-06-21 21:27:44','2017-06-21 21:27:44',NULL,NULL),(469,'居家储物家具',262,'2017-06-21 21:27:44','2017-07-11 18:45:08',NULL,NULL),(470,'家装建材',262,'2017-06-21 21:27:45','2017-06-21 21:27:45',NULL,NULL),(471,'厨房卫浴',262,'2017-06-21 21:27:45','2017-06-21 21:27:45',NULL,NULL),(472,'灯具照明',262,'2017-06-21 21:27:45','2017-06-21 21:27:45',NULL,NULL),(473,'时尚家饰',262,'2017-06-21 21:27:45','2017-06-21 21:27:45',NULL,NULL),(474,'整理箱',263,'2017-06-21 21:27:45','2017-06-21 21:27:45',NULL,NULL),(475,'收纳盒',263,'2017-06-21 21:27:45','2017-06-21 21:27:45',NULL,NULL),(476,'收纳柜',263,'2017-06-21 21:27:45','2017-06-21 21:27:45',NULL,NULL),(477,'层架',263,'2017-06-21 21:27:45','2017-06-21 21:27:45',NULL,NULL),(478,'毛巾架',263,'2017-06-21 21:27:45','2017-06-21 21:27:45',NULL,NULL),(479,'压缩袋',263,'2017-06-21 21:27:45','2017-06-21 21:27:45',NULL,NULL),(480,'防尘罩',263,'2017-06-21 21:27:45','2017-06-21 21:27:45',NULL,NULL),(481,'洗晒衣架',263,'2017-06-21 21:27:45','2017-06-21 21:27:45',NULL,NULL),(482,'烫衣板',263,'2017-06-21 21:27:45','2017-06-21 21:27:45',NULL,NULL),(483,'置物架/篮',263,'2017-06-21 21:27:45','2017-06-21 21:27:45',NULL,NULL),(484,'宠物用品',264,'2017-06-21 21:27:45','2017-06-21 21:27:45',NULL,NULL),(485,'鲜花绿植',264,'2017-06-21 21:27:45','2017-06-21 21:27:45',NULL,NULL),(486,'园艺工具',264,'2017-06-21 21:27:45','2017-06-21 21:27:45',NULL,NULL),(487,'黄金',265,'2017-06-21 21:27:45','2017-06-21 21:27:45',NULL,NULL),(488,'铂金',265,'2017-06-21 21:27:45','2017-06-21 21:27:45',NULL,NULL),(489,'钻石',265,'2017-06-21 21:27:45','2017-06-21 21:27:45',NULL,NULL),(490,'珍珠',265,'2017-06-21 21:27:45','2017-06-21 21:27:45',NULL,NULL),(491,'翡翠',265,'2017-06-21 21:27:45','2017-06-21 21:27:45',NULL,NULL),(492,'琥珀',265,'2017-06-21 21:27:45','2017-06-21 21:27:45',NULL,NULL),(493,'玉石',265,'2017-06-21 21:27:45','2017-06-21 21:27:45',NULL,NULL),(494,'其他珠宝',265,'2017-06-21 21:27:45','2017-06-21 21:27:45',NULL,NULL),(495,'手链',266,'2017-06-21 21:27:45','2017-06-21 21:27:45',NULL,NULL),(496,'手镯',266,'2017-06-21 21:27:45','2017-06-21 21:27:45',NULL,NULL),(497,'戒指',266,'2017-06-21 21:27:45','2017-06-21 21:27:45',NULL,NULL),(498,'发饰',266,'2017-06-21 21:27:45','2017-06-21 21:27:45',NULL,NULL),(499,'耳饰',266,'2017-06-21 21:27:45','2017-06-21 21:27:45',NULL,NULL),(500,'颈饰',266,'2017-06-21 21:27:45','2017-06-21 21:27:45',NULL,NULL),(501,'胸针',266,'2017-06-21 21:27:45','2017-06-21 21:27:45',NULL,NULL),(502,'脚饰',266,'2017-06-21 21:27:45','2017-06-21 21:27:45',NULL,NULL),(503,'首饰盒',266,'2017-06-21 21:27:45','2017-06-21 21:27:45',NULL,NULL),(504,'其他饰品',266,'2017-06-21 21:27:45','2017-06-21 21:27:45',NULL,NULL),(505,'手表',267,'2017-06-21 21:27:45','2017-06-21 21:27:45',NULL,NULL),(506,'手串',267,'2017-06-21 21:27:45','2017-06-21 21:27:45',NULL,NULL),(507,'手珠',267,'2017-06-21 21:27:45','2017-06-21 21:27:45',NULL,NULL),(508,'手绳',267,'2017-06-21 21:27:45','2017-06-21 21:27:45',NULL,NULL),(509,'太阳眼镜',268,'2017-06-21 21:27:45','2017-06-21 21:27:45',NULL,NULL),(510,'近视眼镜',268,'2017-06-21 21:27:45','2017-06-21 21:27:45',NULL,NULL),(511,'老花镜',268,'2017-06-21 21:27:45','2017-06-21 21:27:45',NULL,NULL),(512,'眼镜架',268,'2017-06-21 21:27:45','2017-06-21 21:27:45',NULL,NULL),(513,'其他眼镜',268,'2017-06-21 21:27:45','2017-06-21 21:27:45',NULL,NULL),(514,'进口休闲零食',269,'2017-06-21 21:27:45','2017-06-21 21:27:45',NULL,NULL),(515,'进口牛奶/奶粉',269,'2017-06-21 21:27:45','2017-06-21 21:27:45',NULL,NULL),(516,'进口冲饮谷物',269,'2017-06-21 21:27:45','2017-06-21 21:27:45',NULL,NULL),(517,'进口粮油米面',269,'2017-06-21 21:27:45','2017-06-21 21:27:45',NULL,NULL),(518,'进口速食',269,'2017-06-21 21:27:45','2017-06-21 21:27:45',NULL,NULL),(519,'进口厨用调料',269,'2017-06-21 21:27:45','2017-06-21 21:27:45',NULL,NULL),(520,'进口水果',270,'2017-06-21 21:27:45','2017-06-21 21:27:45',NULL,NULL),(521,'进口海鲜',270,'2017-06-21 21:27:45','2017-06-21 21:27:45',NULL,NULL),(522,'进口肉禽蛋',270,'2017-06-21 21:27:45','2017-06-21 21:27:45',NULL,NULL),(523,'进口个护',271,'2017-06-21 21:27:45','2017-06-21 21:27:45',NULL,NULL),(524,'进口家清',271,'2017-06-21 21:27:45','2017-06-21 21:27:45',NULL,NULL),(525,'奶粉辅食',272,'2017-06-21 21:27:45','2017-06-21 21:27:45',NULL,NULL),(526,'喂养洗护',272,'2017-06-21 21:27:45','2017-06-21 21:27:45',NULL,NULL),(527,'婴幼玩具',272,'2017-06-21 21:27:45','2017-06-21 21:27:45',NULL,NULL),(528,'出行车床',272,'2017-06-21 21:27:45','2017-06-21 21:27:45',NULL,NULL),(529,'糖果/巧克力',273,'2017-06-21 21:27:45','2017-06-21 21:27:45',NULL,NULL),(530,'饼干糕点',273,'2017-06-21 21:27:45','2017-06-21 21:27:45',NULL,NULL),(531,'蜜饯果干',273,'2017-06-21 21:27:45','2017-06-21 21:27:45',NULL,NULL),(532,'肉干肉脯',273,'2017-06-21 21:27:45','2017-06-21 21:27:45',NULL,NULL),(533,'坚果炒货',273,'2017-06-21 21:27:45','2017-06-21 21:27:45',NULL,NULL),(534,'膨化/薯片',273,'2017-06-21 21:27:45','2017-06-21 21:27:45',NULL,NULL),(535,'奶茶',274,'2017-06-21 21:27:45','2017-06-21 21:27:45',NULL,NULL),(536,'咖啡',274,'2017-06-21 21:27:45','2017-06-21 21:27:45',NULL,NULL),(537,'茶叶',274,'2017-06-21 21:27:45','2017-06-21 21:27:45',NULL,NULL),(538,'方便面',275,'2017-06-21 21:27:45','2017-06-21 21:27:45',NULL,NULL),(539,'罐头',275,'2017-06-21 21:27:45','2017-06-21 21:27:45',NULL,NULL),(540,'火腿肠',275,'2017-06-21 21:27:45','2017-06-21 21:27:45',NULL,NULL),(541,'食用油',276,'2017-06-21 21:27:45','2017-06-21 21:27:45',NULL,NULL),(542,'大米',276,'2017-06-21 21:27:45','2017-06-21 21:27:45',NULL,NULL),(543,'面粉',276,'2017-06-21 21:27:45','2017-06-21 21:27:45',NULL,NULL),(544,'淀粉',276,'2017-06-21 21:27:45','2017-06-21 21:27:45',NULL,NULL),(545,'粉丝/粉条',276,'2017-06-21 21:27:45','2017-06-21 21:27:45',NULL,NULL),(546,'南北干货',277,'2017-06-21 21:27:45','2017-06-21 21:27:45',NULL,NULL),(547,'五谷杂粮',277,'2017-06-21 21:27:45','2017-06-21 21:27:45',NULL,NULL),(548,'盐',278,'2017-06-21 21:27:45','2017-06-21 21:27:45',NULL,NULL),(549,'酱油',278,'2017-06-21 21:27:45','2017-06-21 21:27:45',NULL,NULL),(550,'醋',278,'2017-06-21 21:27:45','2017-06-21 21:27:45',NULL,NULL),(551,'糖',278,'2017-06-21 21:27:45','2017-06-21 21:27:45',NULL,NULL),(552,'料酒',278,'2017-06-21 21:27:45','2017-06-21 21:27:45',NULL,NULL),(553,'鸡精',278,'2017-06-21 21:27:45','2017-06-21 21:27:45',NULL,NULL),(554,'酱料',278,'2017-06-21 21:27:45','2017-06-21 21:27:45',NULL,NULL),(555,'装修设计',279,'2017-06-21 21:27:45','2017-06-21 21:27:45',NULL,NULL),(556,'检测认证',279,'2017-06-21 21:27:45','2017-06-21 21:27:45',NULL,NULL),(557,'产品设计',279,'2017-06-21 21:27:45','2017-06-21 21:27:45',NULL,NULL),(558,'俱乐部',280,'2017-06-21 21:27:45','2017-06-21 21:27:45',NULL,NULL),(559,'咨询服务',280,'2017-06-21 21:27:45','2017-06-21 21:27:45',NULL,NULL),(560,'汽车护理',281,'2017-06-21 21:27:45','2017-06-21 21:27:45',NULL,NULL),(561,'美容美发',281,'2017-06-21 21:27:46','2017-06-21 21:27:46',NULL,NULL),(563,'床上用品',260,'2017-06-22 10:05:30','2017-06-22 10:05:30',NULL,NULL),(564,'家纺日用',260,'2017-06-22 10:05:57','2017-06-22 10:05:57',NULL,NULL),(565,'定制男装',236,'2017-06-27 09:40:38','2017-06-27 09:40:38',NULL,NULL),(566,'定制女装',237,'2017-06-27 09:40:57','2017-06-27 09:40:57',NULL,NULL),(567,'定制女童装',238,'2017-06-27 09:41:17','2017-06-27 09:41:17',NULL,NULL),(568,'定制男童装',238,'2017-06-27 09:41:35','2017-06-27 09:41:35',NULL,NULL),(569,'化妆包',242,'2017-06-27 09:42:03','2017-06-27 09:42:03',NULL,NULL),(570,'腰包、夹包',242,'2017-06-27 09:42:30','2017-06-27 09:42:30',NULL,NULL),(571,'定制箱包',242,'2017-06-27 09:42:44','2017-06-27 09:42:44',NULL,NULL),(572,'辅料',225,'2017-06-27 09:43:15','2017-06-27 09:43:15',NULL,NULL),(573,'服装辅料',572,'2017-06-27 09:52:25','2017-06-27 09:52:25',NULL,NULL),(574,'配饰辅料',572,'2017-06-27 09:52:47','2017-06-27 09:52:47',NULL,NULL),(575,'鞋类辅料',572,'2017-06-27 09:53:00','2017-06-27 09:53:00',NULL,NULL),(576,'箱包辅料',572,'2017-06-27 09:53:14','2017-06-27 09:53:14',NULL,NULL),(577,'3C家电',NULL,'2017-07-28 14:03:55','2017-07-28 14:03:55',NULL,NULL),(578,'酒饮冲泡',NULL,'2017-07-28 14:03:55','2017-07-28 14:03:55',NULL,NULL),(579,'生鲜果蔬',NULL,'2017-07-28 14:03:55','2017-07-28 14:03:55',NULL,NULL),(580,'医药保健',NULL,'2017-07-28 14:03:55','2017-07-28 14:03:55',NULL,NULL),(581,'手机',577,'2017-07-28 14:04:52','2017-07-28 14:04:52',NULL,NULL),(582,'电脑',577,'2017-07-28 14:04:52','2017-07-28 14:04:52',NULL,NULL),(583,'数码',577,'2017-07-28 14:04:52','2017-07-28 14:04:52',NULL,NULL),(584,'3C配件',577,'2017-07-28 14:04:52','2017-07-28 14:04:52',NULL,NULL),(585,'大家电',577,'2017-07-28 14:04:52','2017-07-28 14:04:52',NULL,NULL),(586,'小家电',577,'2017-07-28 14:04:52','2017-07-28 14:04:52',NULL,NULL),(587,'水',578,'2017-07-28 14:04:52','2017-07-28 14:04:52',NULL,NULL),(588,'饮料',578,'2017-07-28 14:04:52','2017-07-28 14:04:52',NULL,NULL),(589,'酒类',578,'2017-07-28 14:04:52','2017-07-28 14:04:52',NULL,NULL),(590,'冲泡',578,'2017-07-28 14:04:52','2017-07-28 14:04:52',NULL,NULL),(591,'常温奶',578,'2017-07-28 14:04:52','2017-07-28 14:04:52',NULL,NULL),(592,'水果',579,'2017-07-28 14:04:52','2017-07-28 14:04:52',NULL,NULL),(593,'蔬菜',579,'2017-07-28 14:04:52','2017-07-28 14:04:52',NULL,NULL),(594,'冷藏日配',579,'2017-07-28 14:04:52','2017-07-28 14:04:52',NULL,NULL),(595,'海鲜水产',579,'2017-07-28 14:04:52','2017-07-28 14:04:52',NULL,NULL),(596,'肉禽蛋类',579,'2017-07-28 14:04:52','2017-07-28 14:04:52',NULL,NULL),(597,'保健用品',580,'2017-07-28 14:04:52','2017-07-28 14:04:52',NULL,NULL),(598,'成人保健',580,'2017-07-28 14:04:52','2017-07-28 14:04:52',NULL,NULL),(599,'保健护理',580,'2017-07-28 14:04:52','2017-07-28 14:04:52',NULL,NULL),(600,'手机通讯',581,'2017-07-28 14:05:00','2017-07-28 14:05:00',NULL,NULL),(601,'电脑办公',582,'2017-07-28 14:05:00','2017-07-28 14:05:00',NULL,NULL),(602,'电子数码',583,'2017-07-28 14:05:00','2017-07-28 14:05:00',NULL,NULL),(603,'手机配件',584,'2017-07-28 14:05:00','2017-07-28 14:05:00',NULL,NULL),(604,'电脑配件',584,'2017-07-28 14:05:00','2017-07-28 14:05:00',NULL,NULL),(605,'数码配件',584,'2017-07-28 14:05:00','2017-07-28 14:05:00',NULL,NULL),(606,'电视',585,'2017-07-28 14:05:00','2017-07-28 14:05:00',NULL,NULL),(607,'冰箱',585,'2017-07-28 14:05:00','2017-07-28 14:05:00',NULL,NULL),(608,'洗衣机',585,'2017-07-28 14:05:00','2017-07-28 14:05:00',NULL,NULL),(609,'空调',585,'2017-07-28 14:05:00','2017-07-28 14:05:00',NULL,NULL),(610,'抽油烟机',585,'2017-07-28 14:05:00','2017-07-28 14:05:00',NULL,NULL),(611,'燃气灶',585,'2017-07-28 14:05:00','2017-07-28 14:05:00',NULL,NULL),(612,'洗碗机',585,'2017-07-28 14:05:00','2017-07-28 14:05:00',NULL,NULL),(613,'消毒柜',585,'2017-07-28 14:05:00','2017-07-28 14:05:00',NULL,NULL),(614,'热水器',585,'2017-07-28 14:05:00','2017-07-28 14:05:00',NULL,NULL),(615,'净水器',585,'2017-07-28 14:05:00','2017-07-28 14:05:00',NULL,NULL),(616,'电饭煲',586,'2017-07-28 14:05:00','2017-07-28 14:05:00',NULL,NULL),(617,'电磁炉',586,'2017-07-28 14:05:00','2017-07-28 14:05:00',NULL,NULL),(618,'电水壶',586,'2017-07-28 14:05:00','2017-07-28 14:05:00',NULL,NULL),(619,'风扇',586,'2017-07-28 14:05:00','2017-07-28 14:05:00',NULL,NULL),(620,'加湿器',586,'2017-07-28 14:05:00','2017-07-28 14:05:00',NULL,NULL),(621,'剃须刀',586,'2017-07-28 14:05:00','2017-07-28 14:05:00',NULL,NULL),(622,'电吹风',586,'2017-07-28 14:05:00','2017-07-28 14:05:00',NULL,NULL),(623,'咖啡机',586,'2017-07-28 14:05:00','2017-07-28 14:05:00',NULL,NULL),(624,'榨汁机',586,'2017-07-28 14:05:00','2017-07-28 14:05:00',NULL,NULL),(625,'饮用水',587,'2017-07-28 14:05:00','2017-07-28 14:05:00',NULL,NULL),(626,'气泡水',587,'2017-07-28 14:05:00','2017-07-28 14:05:00',NULL,NULL),(627,'苏打水',587,'2017-07-28 14:05:00','2017-07-28 14:05:00',NULL,NULL),(628,'碳酸饮料',588,'2017-07-28 14:05:00','2017-07-28 14:05:00',NULL,NULL),(629,'功能饮料',588,'2017-07-28 14:05:00','2017-07-28 14:05:00',NULL,NULL),(630,'果汁饮料',588,'2017-07-28 14:05:00','2017-07-28 14:05:00',NULL,NULL),(631,'茶饮料',588,'2017-07-28 14:05:00','2017-07-28 14:05:00',NULL,NULL),(632,'乳饮料',588,'2017-07-28 14:05:00','2017-07-28 14:05:00',NULL,NULL),(633,'白酒',589,'2017-07-28 14:05:00','2017-07-28 14:05:00',NULL,NULL),(634,'黄酒',589,'2017-07-28 14:05:00','2017-07-28 14:05:00',NULL,NULL),(635,'啤酒',589,'2017-07-28 14:05:00','2017-07-28 14:05:00',NULL,NULL),(636,'葡萄酒',589,'2017-07-28 14:05:00','2017-07-28 14:05:00',NULL,NULL),(637,'洋酒',589,'2017-07-28 14:05:00','2017-07-28 14:05:00',NULL,NULL),(638,'保健酒',589,'2017-07-28 14:05:00','2017-07-28 14:05:00',NULL,NULL),(639,'香槟',589,'2017-07-28 14:05:00','2017-07-28 14:05:00',NULL,NULL),(640,'即饮咖啡',590,'2017-07-28 14:05:00','2017-07-28 14:05:00',NULL,NULL),(641,'茶叶',590,'2017-07-28 14:05:00','2017-07-28 14:05:00',NULL,NULL),(642,'麦片冲饮',590,'2017-07-28 14:05:00','2017-07-28 14:05:00',NULL,NULL),(643,'牛奶',591,'2017-07-28 14:05:00','2017-07-28 14:05:00',NULL,NULL),(644,'调味奶',591,'2017-07-28 14:05:00','2017-07-28 14:05:00',NULL,NULL),(645,'果类',592,'2017-07-28 14:05:00','2017-07-28 14:05:00',NULL,NULL),(646,'瓜类',592,'2017-07-28 14:05:00','2017-07-28 14:05:00',NULL,NULL),(647,'柑类',592,'2017-07-28 14:05:01','2017-07-28 14:05:01',NULL,NULL),(648,'桔类',592,'2017-07-28 14:05:01','2017-07-28 14:05:01',NULL,NULL),(649,'橙类',592,'2017-07-28 14:05:01','2017-07-28 14:05:01',NULL,NULL),(650,'柚类',592,'2017-07-28 14:05:01','2017-07-28 14:05:01',NULL,NULL),(651,'叶菜类',593,'2017-07-28 14:05:01','2017-07-28 14:05:01',NULL,NULL),(652,'花果类',593,'2017-07-28 14:05:01','2017-07-28 14:05:01',NULL,NULL),(653,'瓜类',593,'2017-07-28 14:05:01','2017-07-28 14:05:01',NULL,NULL),(654,'根茎类',593,'2017-07-28 14:05:01','2017-07-28 14:05:01',NULL,NULL),(655,'菇菌类',593,'2017-07-28 14:05:01','2017-07-28 14:05:01',NULL,NULL),(656,'蔬菜原材料',593,'2017-07-28 14:05:01','2017-07-28 14:05:01',NULL,NULL),(657,'冷藏乳品',594,'2017-07-28 14:05:01','2017-07-28 14:05:01',NULL,NULL),(658,'奶酪/黄油',594,'2017-07-28 14:05:01','2017-07-28 14:05:01',NULL,NULL),(659,'冷藏肉制品',594,'2017-07-28 14:05:01','2017-07-28 14:05:01',NULL,NULL),(660,'速冻包点',594,'2017-07-28 14:05:01','2017-07-28 14:05:01',NULL,NULL),(661,'冰淇淋雪糕',594,'2017-07-28 14:05:01','2017-07-28 14:05:01',NULL,NULL),(662,'鱼类',595,'2017-07-28 14:05:01','2017-07-28 14:05:01',NULL,NULL),(663,'虾类',595,'2017-07-28 14:05:01','2017-07-28 14:05:01',NULL,NULL),(664,'蟹类',595,'2017-07-28 14:05:01','2017-07-28 14:05:01',NULL,NULL),(665,'贝类',595,'2017-07-28 14:05:01','2017-07-28 14:05:01',NULL,NULL),(666,'家禽',596,'2017-07-28 14:05:01','2017-07-28 14:05:01',NULL,NULL),(667,'牛肉',596,'2017-07-28 14:05:01','2017-07-28 14:05:01',NULL,NULL),(668,'羊肉',596,'2017-07-28 14:05:01','2017-07-28 14:05:01',NULL,NULL),(669,'猪肉',596,'2017-07-28 14:05:01','2017-07-28 14:05:01',NULL,NULL),(670,'其它肉类',596,'2017-07-28 14:05:01','2017-07-28 14:05:01',NULL,NULL),(671,'蛋类',596,'2017-07-28 14:05:01','2017-07-28 14:05:01',NULL,NULL),(672,'药品',597,'2017-07-28 14:05:01','2017-07-28 14:05:01',NULL,NULL),(673,'保健品',597,'2017-07-28 14:05:01','2017-07-28 14:05:01',NULL,NULL),(674,'隐形眼镜',597,'2017-07-28 14:05:01','2017-07-28 14:05:01',NULL,NULL),(675,'计生情趣',598,'2017-07-28 14:05:01','2017-07-28 14:05:01',NULL,NULL),(676,'保健仪器',599,'2017-07-28 14:05:01','2017-07-28 14:05:01',NULL,NULL),(677,'护理护具',599,'2017-07-28 14:05:01','2017-07-28 14:05:01',NULL,NULL),(678,'食品',NULL,'2017-08-15 18:56:55','2017-08-15 18:56:55',NULL,NULL),(681,'string',1,'2018-03-20 20:51:26','2018-03-20 20:51:26','string',0);
/*!40000 ALTER TABLE `ds_classes` ENABLE KEYS */;
UNLOCK TABLES;

--
-- Table structure for table `ds_product_basic`
--

DROP TABLE IF EXISTS `ds_product_basic`;
/*!40101 SET @saved_cs_client     = @@character_set_client */;
/*!40101 SET character_set_client = utf8 */;
CREATE TABLE `ds_product_basic` (
  `id` bigint(20) NOT NULL AUTO_INCREMENT COMMENT '自增ID',
  `spu` varchar(128) DEFAULT NULL COMMENT 'spu名称/商品名称',
  `class_id` int(11) DEFAULT NULL COMMENT '小类id',
  `images` text COMMENT '商品轮播图url,json Array 存储',
  `detail_images` text COMMENT '商品详情图url,json Array 存储',
  `create_time` datetime NOT NULL DEFAULT CURRENT_TIMESTAMP COMMENT '创建时间',
  `update_time` datetime NOT NULL DEFAULT CURRENT_TIMESTAMP COMMENT '最后一次更新时间',
  `sub1_name` varchar(32) DEFAULT '颜色' COMMENT '第一级子属性名称',
  `sub2_name` varchar(32) DEFAULT '尺码' COMMENT '第二级子属性名称',
  `delete_flag` smallint(6) DEFAULT '0' COMMENT '数据删除标志：（0 有效 1 失效）',
  `version` int(11) DEFAULT NULL,
  PRIMARY KEY (`id`),
  KEY `shb_product_basic_ibfk_1` (`class_id`),
  KEY `index_product_basic_updatetime` (`update_time`)
) ENGINE=InnoDB AUTO_INCREMENT=40 DEFAULT CHARSET=utf8;
/*!40101 SET character_set_client = @saved_cs_client */;

--
-- Dumping data for table `ds_product_basic`
--

LOCK TABLES `ds_product_basic` WRITE;
/*!40000 ALTER TABLE `ds_product_basic` DISABLE KEYS */;
INSERT INTO `ds_product_basic` VALUES (21,'马化腾',283,'[\"http://10.213.129.63:10002/public/nbiz/b8110d7c4de4459889131c7a30a0ac3c.png\"]','[\"http://10.213.129.63:10002/public/nbiz/066fc28d771e4835ae91edf9f29392ae.png\"]','2017-09-25 14:56:50','2017-09-25 14:56:55','颜色','尺码',0,NULL),(22,'大闸蟹2',283,'[\"http://10.213.129.63:10002/public/nbiz/8b90a69283c7472898471d89a6c61040.jpg\",\"http://10.213.129.63:10002/public/nbiz/3901df9097be45a7845de72ddcd0a0c0.jpg\",\"http://10.213.129.63:10002/public/nbiz/0f1f5fdd53e742d2b7b5cd6c8b61f276.jpg\"]','[\"http://10.213.129.63:10002/public/nbiz/620a5e35a0114907a79734ee919ff27a.jpg\",\"http://10.213.129.63:10002/public/nbiz/e3639953b22a4f0780c5be0e482cc082.jpg\",\"http://10.213.129.63:10002/public/nbiz/9688fe2da54d4f1c81521709d01ea615.jpg\",\"http://10.213.129.63:10002/public/nbiz/23e0d2e76ec641afa06b6c569f9b5589.jpg\",\"http://10.213.129.63:10002/public/nbiz/7cc12d872c4f40b3b686653ea261dd43.jpg\"]','2017-09-25 15:05:01','2017-09-25 15:21:17','颜色','尺码',0,NULL),(23,'大闸蟹',664,'[\"http://10.213.129.63:10002/public/nbiz/52fbc989d08f4d49b2e8ec6bba9962a3.jpg\",\"http://10.213.129.63:10002/public/nbiz/f12e68d612dd4a088b3909703105ae0e.jpg\",\"http://10.213.129.63:10002/public/nbiz/9976578f48574abb98922a5987c2267f.jpg\"]','[\"http://10.213.129.63:10002/public/nbiz/b28f6b571c34466c916f18f3003dc58d.jpg\",\"http://10.213.129.63:10002/public/nbiz/6e13b1b0ac904ddebcb337ffa42ecda0.jpg\",\"http://10.213.129.63:10002/public/nbiz/174f18d77d694d70b884f964a0e17331.jpg\",\"http://10.213.129.63:10002/public/nbiz/ed94c0a6f867494ab12db44643caa7e6.jpg\",\"http://10.213.129.63:10002/public/nbiz/ef3c10960d21498eba6be76aa028088e.jpg\"]','2017-09-25 15:29:08','2017-09-25 15:29:08','颜色','尺码',0,NULL),(24,'男装测试',282,'[]','[\"http://10.213.129.63:10002/public/nbiz/1942b75a897e4a289817fcb0137c60ec.jpg\",\"http://10.213.129.63:10002/public/nbiz/c5ca87fc69d643d8a640aaa5ef3cda7f.jpg\",\"http://10.213.129.63:10002/public/nbiz/04c640449e5447388323a688fea57d2f.jpg\",\"http://10.213.129.63:10002/public/nbiz/86073c9ba032486a95d96c9c35c945ee.jpg\",\"http://10.213.129.63:10002/public/nbiz/07aa62f6e2ed4c64ae415b1f678bfb9c.jpg\",\"http://10.213.129.63:10002/public/nbiz/a1877d455be14ea491d65afcc8aa39ff.jpg\",\"http://10.213.129.63:10002/public/nbiz/95cc04a47b384fd08b0945732f358139.jpg\",\"http://10.213.129.63:10002/public/nbiz/962d4712e0fe40aba534348d03b97aa7.jpg\",\"http://10.213.129.63:10002/public/nbiz/e17188aa16e348f8b217334502f1eaa2.jpg\",\"http://10.213.129.63:10002/public/nbiz/3344082432cd486e814a39cc5474c8f4.jpg\",\"http://10.213.129.63:10002/public/nbiz/0278a9fa43af49d1aad0f1ee64db52a1.jpg\",\"http://10.213.129.63:10002/public/nbiz/0730dae85d43499a9110a10d86944510.jpg\",\"http://10.213.129.63:10002/public/nbiz/08fc488e5b004602a2d9c020a260657a.jpg\",\"http://10.213.129.63:10002/public/nbiz/23e4549c6d044f0e9e705fa4b17df773.jpg\",\"http://10.213.129.63:10002/public/nbiz/f7c3f5f5791f49f286674ab3701bf80b.jpg\",\"http://10.213.129.63:10002/public/nbiz/bf4783c3bc4b4de188dc1984e9e8fbdc.jpg\",\"http://10.213.129.63:10002/public/nbiz/bb21c319e34e48a6b8abcc63b3739288.jpg\",\"http://10.213.129.63:10002/public/nbiz/079660629619482d81054675f46c6396.jpg\",\"http://10.213.129.63:10002/public/nbiz/88a03667556143adbfa51d5ff4873ed7.jpg\",\"http://10.213.129.63:10002/public/nbiz/4780718916f74e52a54cb74a66525c76.jpg\",\"http://10.213.129.63:10002/public/nbiz/b551123549104ad6bc7b9bcb01facc7a.jpg\",\"http://10.213.129.63:10002/public/nbiz/467ed04aecba42878fcc35cc56cacb95.jpg\",\"http://10.213.129.63:10002/public/nbiz/f2e6e74de3744004a4ba04163a309deb.jpg\",\"http://10.213.129.63:10002/public/nbiz/6fcae96df04c4e658e849a174e977e39.jpg\",\"http://10.213.129.63:10002/public/nbiz/6a956bccec5a41349986998dbdd4a2f3.jpg\",\"http://10.213.129.63:10002/public/nbiz/10ce7ff4269d449fb84b1cb1d7b06358.jpg\",\"http://10.213.129.63:10002/public/nbiz/47696e9d5d7a48e9a1cf57ac4eb03471.jpg\",\"http://10.213.129.63:10002/public/nbiz/71c6a8f145214e44b3c63dfd9e463aaf.jpg\",\"http://10.213.129.63:10002/public/nbiz/40b33313d86a4beaadf8c7b565acdf78.jpg\",\"http://10.213.129.63:10002/public/nbiz/f494b2c3a55544168a523592c0fa018c.jpg\"]','2017-09-25 15:31:49','2017-09-25 16:16:30','颜色','尺码',0,NULL),(25,'0022017092501',666,'[\"http://10.213.129.63:10002/public/nbiz/7f3f354e32fd4f788292f36f77a8435f.jpg\",\"http://10.213.129.63:10002/public/nbiz/c1bcd09f68624367bd36ca387a6d4900.jpg\"]','[\"http://10.213.129.63:10002/public/nbiz/a464648bb5f44f37a045956005186c2c.jpg\",\"http://10.213.129.63:10002/public/nbiz/904e08c04f4b4b85b0e4be41960d2278.jpg\",\"http://10.213.129.63:10002/public/nbiz/4a72c57a5c554146b04c8135fd275e87.jpg\"]','2017-09-25 15:39:59','2017-09-25 15:39:59','颜色','尺码',0,NULL),(26,'0022017092802',282,'[]','[]','2017-09-25 15:42:27','2017-09-25 15:54:50','颜色','尺码',0,NULL),(27,'test大',282,'[]','[]','2017-09-25 16:12:41','2017-09-25 16:19:30','颜色','尺码',0,NULL),(28,'自行车测试',422,'[]','[]','2017-09-25 16:36:45','2017-09-25 16:36:45','颜色','尺码',0,NULL),(29,'留夫鸭 香辣鸭脖210g鸭锁骨220g鸭掌130g麻辣卤味小吃零食锁鲜装',666,'[\"http://10.213.129.63:10002/public/nbiz/bb38875f202b4bd9a573dc7d8248efd3.jpg\",\"http://10.213.129.63:10002/public/nbiz/3ff48c455a8845498047d3b09b5dd839.jpg\"]','[\"http://10.213.129.63:10002/public/nbiz/6cfc29331030443bbfc9e61ad0c2c2be.jpg\",\"http://10.213.129.63:10002/public/nbiz/ad46ce9fc39f4392bc4bb77c63a1d47e.jpg\",\"http://10.213.129.63:10002/public/nbiz/aa21e6786f424e94bb93b9d96f69004d.jpg\",\"http://10.213.129.63:10002/public/nbiz/8b657995371943c0bc5e3bde7642f175.jpg\",\"http://10.213.129.63:10002/public/nbiz/7068b1cefb40443bb44ea8d543d4745a.jpg\",\"http://10.213.129.63:10002/public/nbiz/3372fcf18c09445cb6a7454499011670.jpg\",\"http://10.213.129.63:10002/public/nbiz/42ff33baac594dcbabd2d0a467c0eca6.jpg\",\"http://10.213.129.63:10002/public/nbiz/2eab324f574f4f729cc9b0f5ba56b0d2.jpg\",\"http://10.213.129.63:10002/public/nbiz/49761459834d472ab69ea4832f6bf3ff.jpg\",\"http://10.213.129.63:10002/public/nbiz/eb4d302bc3814dd7a8e71c294a48f45a.jpg\",\"http://10.213.129.63:10002/public/nbiz/2f0de8c881bf44b591be2fc3a80b71c9.jpg\",\"http://10.213.129.63:10002/public/nbiz/d710869f8903453b984467fd7213ce31.jpg\"]','2017-09-25 16:46:42','2017-09-25 16:46:42','颜色','尺码',0,NULL),(30,'无误',525,'[\"http://10.213.129.63:10002/public/nbiz/305607f9d9fb4a09af025aaee45b2a68.jpg\",\"http://10.213.129.63:10002/public/nbiz/b6b4c7897a884a97b39c298d1d49b91c.jpg\",\"http://10.213.129.63:10002/public/nbiz/ad58be87151b42ee89f59fcd6cbce548.jpg\"]','[\"http://10.213.129.63:10002/public/nbiz/aa557674453c410f85c94f047a96a694.jpg\",\"http://10.213.129.63:10002/public/nbiz/f02ee62ccb494afc90e9d73d6bd6e98d.jpg\",\"http://10.213.129.63:10002/public/nbiz/1de6effca1e446aebb445a02ff8e4c5a.jpg\"]','2017-09-27 14:42:30','2017-09-27 15:44:57','颜色','尺码',0,NULL),(31,'灰鸭',651,'[\"http://10.213.129.63:10002/public/tmp/d79fa6f10a694bcfacc5ddbc4af78c8d.png\"]','[\"http://10.213.129.63:10002/public/nbiz/10ca0778576d4cc495f39541a71b818f.jpg\"]','2017-09-27 17:26:33','2018-01-03 09:59:23','颜色','尺码',0,NULL),(32,'沈涛测试',645,'[]','[]','2017-09-28 15:57:32','2017-10-17 16:56:17','颜色','尺码',0,NULL),(33,'1',282,'[]','[]','2017-10-17 10:31:46','2017-10-31 15:20:04','颜色','尺码',0,NULL),(34,'我让他去陶然亭问题下班',470,'[]','[\"\",\"\",\"\",\"\",\"\",\"\",\"\",\"\",\"\",\"\"]','2017-10-19 10:14:00','2017-10-19 10:14:00','颜色','尺码',0,NULL),(35,'留夫鸭 香辣鸭脖210g鸭锁骨220g鸭掌130g麻辣卤味小吃零食锁鲜装',666,'[\"http://10.213.129.63:10002/public/nbiz/65b35bbbef3443c582614626f08f1f11.jpg\",\"http://10.213.129.63:10002/public/nbiz/142498376d5c4e1b8bb8d2c61c933bcf.jpg\"]','[\"http://10.213.129.63:10002/public/nbiz/08acee2551b949d897b369060026c6e2.jpg\",\"http://10.213.129.63:10002/public/nbiz/887ba7f9b01b483c89051d5c023270f5.jpg\",\"http://10.213.129.63:10002/public/nbiz/0d5150d4803f4854b992a361b5c14161.jpg\",\"http://10.213.129.63:10002/public/nbiz/84550b3a43284818bc707324179c6f44.jpg\",\"http://10.213.129.63:10002/public/nbiz/31c069958d4845e9983046ddfc0d5f66.jpg\",\"http://10.213.129.63:10002/public/nbiz/cda0f993e0454ce8bb79ae1d3d832db3.jpg\",\"http://10.213.129.63:10002/public/nbiz/29701f6e3ca64f40a96c371a8a83bc87.jpg\",\"http://10.213.129.63:10002/public/nbiz/0f7e7041d84c4735804594f879d30738.jpg\",\"http://10.213.129.63:10002/public/nbiz/35f57fa6c06b46909924f5121f699a60.jpg\",\"http://10.213.129.63:10002/public/nbiz/e622833645174397921c74853a7e0d43.jpg\",\"http://10.213.129.63:10002/public/nbiz/d81c69238fae40318e5d7edbcad77733.jpg\",\"http://10.213.129.63:10002/public/nbiz/36289dd697274d93866e64ec388e01a3.jpg\"]','2017-10-19 10:33:54','2017-10-19 14:25:01','颜色','尺码',0,NULL),(36,'*无敌来了',282,'[]','[\"http://10.213.129.63:10002/public/nbiz/fe490fde22784356ae7fe1e1d2d528cb.jpg\",\"http://10.213.129.63:10002/public/nbiz/ff5f420c8ad645ec8cc291f60678f682.jpg\",\"http://10.213.129.63:10002/public/nbiz/47ca222ff1e14c9eb7485900a1b774e2.jpg\",\"http://10.213.129.63:10002/public/nbiz/7a74ed4c02e049ecade3a3c58dcfeb2a.jpg\",\"http://10.213.129.63:10002/public/nbiz/fd80c5ed7461424caa63e1990a8c60bd.jpg\",\"http://10.213.129.63:10002/public/nbiz/2655f82b347d44c78b928626c2672318.jpg\",\"http://10.213.129.63:10002/public/nbiz/4170a337a5724649a66bc9155d96e532.jpg\",\"http://10.213.129.63:10002/public/nbiz/e20b5982851149bd9109fe4dc9cb6f05.jpg\",\"http://10.213.129.63:10002/public/nbiz/38d8add248384f249b30149fb0b79aea.jpg\",\"http://10.213.129.63:10002/public/nbiz/ece02b0a6c784cdbadf99d2ec0b5c48b.jpg\",\"http://10.213.129.63:10002/public/nbiz/c0354bd99eb44fbfb465c5b10c949b26.jpg\",\"http://10.213.129.63:10002/public/nbiz/39a495e2a7a9473cacea9998a3eb913f.jpg\",\"http://10.213.129.63:10002/public/nbiz/60b6c9b46ac849919783070bf8100a43.jpg\",\"http://10.213.129.63:10002/public/nbiz/a3536f425ffd4772917aae15ac713579.jpg\"]','2017-10-19 10:52:14','2017-10-31 14:41:13','颜色','尺码',0,NULL),(37,'浪里个浪儿！--aa',282,'[\"http://10.213.129.63:10002/public/nbiz/d17d34911af9421c90553628b8aa3397.jpg\",\"http://10.213.129.63:10002/public/nbiz/8b5f0c3bafe34056b3c6c413060f746e.jpg\",\"http://10.213.129.63:10002/public/nbiz/4a0e6d847f374123b69857c842654d2f.jpg\"]','[\"http://10.213.129.63:10002/public/nbiz/268e46cd887b4325b9a099543698d74e.jpg\",\"http://10.213.129.63:10002/public/nbiz/96a64cb58def4680b3577800a83793cd.jpg\",\"http://10.213.129.63:10002/public/nbiz/3525a73720be4912b869e8f90c8e7234.jpg\",\"http://10.213.129.63:10002/public/nbiz/33fc510babcd45de9b872bfd350d42e8.jpg\",\"http://10.213.129.63:10002/public/nbiz/3056b628b8dc4956945467735a769efa.jpg\",\"http://10.213.129.63:10002/public/nbiz/83d2647af9394e3985b50d39f8ebe238.jpg\",\"http://10.213.129.63:10002/public/nbiz/cea4131f1f2f4fa5938cf86c4f978339.jpg\",\"http://10.213.129.63:10002/public/nbiz/db0df0a6dccc4fa1abd7886ff46e4087.jpg\",\"http://10.213.129.63:10002/public/nbiz/8f7606aad5eb4d87b37fb7aa5d645ae5.jpg\",\"http://10.213.129.63:10002/public/nbiz/6fe67124a8234a34b31e6672e4a14bec.jpg\",\"http://10.213.129.63:10002/public/nbiz/51bfa578ae454e069843b01cc8c56a96.jpg\",\"http://10.213.129.63:10002/public/nbiz/714953eaaede4944997cefadd62f688e.jpg\",\"http://10.213.129.63:10002/public/nbiz/d993a7588294436ebffd87f79c7789c0.jpg\",\"http://10.213.129.63:10002/public/nbiz/c4a5176b1de94b08a58055ab29b2aa0a.jpg\",\"http://10.213.129.63:10002/public/nbiz/a84d13f3ae27497dbbb2af3fb7fdf0cd.jpg\"]','2017-10-19 14:15:08','2017-10-19 14:15:52','颜色','尺码',0,NULL),(38,'国产大米',542,'[\"http://10.213.129.63:10002/public/nbiz/e78ba715fde54d799a949de687ddd5c1.png\",\"http://10.213.129.63:10002/public/nbiz/2b4d3aab97ca4856a0132e82b3f15d35.png\"]','[\"http://10.213.129.63:10002/public/nbiz/84fbe4236f2846deafc73c034e2103ef.png\"]','2017-11-14 10:17:44','2017-11-14 10:17:44','颜色','尺码',0,NULL),(39,'叮当猫',565,'[\"\"]','[\"\"]','2018-01-22 09:50:58','2018-01-22 09:50:58','颜色','尺码',0,NULL);
/*!40000 ALTER TABLE `ds_product_basic` ENABLE KEYS */;
UNLOCK TABLES;

--
-- Table structure for table `ds_sub_product_basic`
--

DROP TABLE IF EXISTS `ds_sub_product_basic`;
/*!40101 SET @saved_cs_client     = @@character_set_client */;
/*!40101 SET character_set_client = utf8 */;
CREATE TABLE `ds_sub_product_basic` (
  `id` bigint(20) NOT NULL AUTO_INCREMENT COMMENT '自增ID',
  `product_id` bigint(20) NOT NULL COMMENT '商品id',
  `sub1` varchar(32) DEFAULT NULL COMMENT '一级子属性',
  `sub2` varchar(32) DEFAULT NULL COMMENT '二级子属性',
  `image_urls` text COMMENT '图片url, json array存储',
  `bar_code` varchar(64) DEFAULT NULL COMMENT '条码',
  `create_time` datetime(6) DEFAULT CURRENT_TIMESTAMP(6) COMMENT '创建时间',
  `update_time` datetime(6) DEFAULT CURRENT_TIMESTAMP(6) COMMENT '更新时间',
  `delete_flag` smallint(6) DEFAULT '0' COMMENT '数据删除标志（0 有效 1 失效）',
  `version` int(11) DEFAULT NULL,
  PRIMARY KEY (`id`),
  UNIQUE KEY `unique_index_ds_product_basic_bar_code` (`bar_code`),
  KEY `product_id` (`product_id`),
  KEY `index_sub_product_basic_updatetime` (`update_time`),
  CONSTRAINT `ds_sub_product_basic_ibfk_1` FOREIGN KEY (`product_id`) REFERENCES `ds_product_basic` (`id`)
) ENGINE=InnoDB AUTO_INCREMENT=47 DEFAULT CHARSET=utf8;
/*!40101 SET character_set_client = @saved_cs_client */;

--
-- Dumping data for table `ds_sub_product_basic`
--

LOCK TABLES `ds_sub_product_basic` WRITE;
/*!40000 ALTER TABLE `ds_sub_product_basic` DISABLE KEYS */;
INSERT INTO `ds_sub_product_basic` VALUES (24,21,'11','1','[\"http://10.213.129.63:10002/public/nbiz/5811844abf224a7bad6b810cf0f9ab60.png\"]','1212','2017-09-25 14:56:50.149000','2017-09-25 14:56:55.416000',0,NULL),(25,22,'自然色','均码','[\"http://10.213.129.63:10002/public/nbiz/5737174e952f4d6e8ec42d0199ae8029.jpg\"]','20170925001','2017-09-25 15:05:01.235000','2017-09-25 15:21:17.596000',0,NULL),(26,23,'自然色','均码','[\"http://10.213.129.63:10002/public/nbiz/00e1edca1ea848fd8ac81bce9677728c.jpg\"]','20170925002','2017-09-25 15:29:08.055000','2017-09-25 15:29:08.055000',0,NULL),(27,24,'红','181','[\"http://10.213.129.63:10002/public/nbiz/b16cb3aef8554f31a1bd87b163d88b25.jpg\"]','7259','2017-09-25 15:31:49.723000','2017-09-25 16:16:30.599000',0,NULL),(28,24,'绿色','181','[\"http://10.213.129.63:10002/public/nbiz/45ded7abe0ca4ee79247ff75411b55d8.jpg\"]','7260','2017-09-25 15:34:42.443000','2017-09-25 16:16:30.600000',0,NULL),(29,25,'白色','S','[\"http://10.213.129.63:10002/public/nbiz/e418d52a03c943748f8776eca7845958.jpg\"]','002201709250101','2017-09-25 15:39:59.877000','2017-09-25 15:39:59.877000',0,NULL),(30,25,'白色','M','[\"http://10.213.129.63:10002/public/nbiz/e418d52a03c943748f8776eca7845958.jpg\"]','002201709250102','2017-09-25 15:39:59.878000','2017-09-25 15:39:59.878000',0,NULL),(31,25,'白色','L','[\"http://10.213.129.63:10002/public/nbiz/e418d52a03c943748f8776eca7845958.jpg\"]','002201709250103','2017-09-25 15:39:59.879000','2017-09-25 15:39:59.879000',0,NULL),(32,26,'粉色',NULL,'[]','002201709280201','2017-09-25 15:42:27.622000','2017-09-25 15:54:50.735000',0,NULL),(33,27,'red','1','[]','666','2017-09-25 16:12:41.303000','2017-09-25 16:19:30.620000',0,NULL),(34,28,'炫酷黑','B','[]','1253615290','2017-09-25 16:36:45.721000','2017-09-25 16:36:45.721000',0,NULL),(35,29,'原始色','盒装均码','[\"http://10.213.129.63:10002/public/nbiz/b363d69c1adb4a839072d74f62eea051.jpg\"]','201709250001','2017-09-25 16:46:42.694000','2017-09-25 16:46:42.694000',0,NULL),(36,30,'军色','均码','[\"http://10.213.129.63:10002/public/nbiz/2a8164754d9a4295837f18a4cac554ef.jpg\"]','20170927001','2017-09-27 14:42:30.389000','2017-09-27 15:44:57.966000',0,NULL),(37,31,'白色','L','[\"http://10.213.129.63:10002/public/nbiz/b97f081cdddf41b7afde72ab880207d9.jpg\"]','T000101','2017-09-27 17:26:33.558000','2018-01-03 09:59:23.355000',0,NULL),(38,32,'无',NULL,'[]','123456','2017-09-28 15:57:32.236000','2017-10-17 16:56:17.046000',0,NULL),(39,21,'11','1','[\"http://10.213.129.63:10002/public/nbiz/5811844abf224a7bad6b810cf0f9ab60.png\"]','1212333','2017-09-25 14:56:50.149000','2017-09-25 14:56:55.416000',0,NULL),(40,33,'13231','3123','[]','11','2017-10-17 10:31:47.014000','2017-10-31 15:20:04.155000',0,NULL),(41,34,'wt',NULL,'[]','ttr44','2017-10-19 10:14:00.872000','2017-10-19 10:14:00.872000',0,NULL),(42,35,'常规',NULL,'[]','20171019001','2017-10-19 10:33:54.622000','2017-10-19 14:25:01.316000',0,NULL),(43,36,'--','--','[]','oo','2017-10-19 10:52:14.345000','2017-10-31 14:41:13.790000',0,NULL),(44,37,'无',NULL,'[]','20171019002abc','2017-10-19 14:15:08.384000','2017-10-19 14:15:52.673000',0,NULL),(45,38,'白',NULL,'[\"http://10.213.129.63:10002/public/nbiz/7c202510e5b64fe4ab6e62ad8eed9e4c.png\"]','210','2017-11-14 10:17:44.674000','2017-11-14 10:17:44.674000',0,NULL),(46,39,'1','12','[\"http://10.213.129.63:10002/public/tmp/5af19c72dd9841a2acc9f9031b8d7dd6.jpg\"]','12','2018-01-22 09:50:58.173000','2018-01-22 09:50:58.173000',0,NULL);
/*!40000 ALTER TABLE `ds_sub_product_basic` ENABLE KEYS */;
UNLOCK TABLES;

--
-- Dumping events for database 'test'
--

--
-- Dumping routines for database 'test'
--
/*!40103 SET TIME_ZONE=@OLD_TIME_ZONE */;

/*!40101 SET SQL_MODE=@OLD_SQL_MODE */;
/*!40014 SET FOREIGN_KEY_CHECKS=@OLD_FOREIGN_KEY_CHECKS */;
/*!40014 SET UNIQUE_CHECKS=@OLD_UNIQUE_CHECKS */;
/*!40101 SET CHARACTER_SET_CLIENT=@OLD_CHARACTER_SET_CLIENT */;
/*!40101 SET CHARACTER_SET_RESULTS=@OLD_CHARACTER_SET_RESULTS */;
/*!40101 SET COLLATION_CONNECTION=@OLD_COLLATION_CONNECTION */;
/*!40111 SET SQL_NOTES=@OLD_SQL_NOTES */;

-- Dump completed on 2018-04-22 22:15:14
